<!--

     Copyright 2016 Electric Cloud, Inc.

     Licensed under the Apache License, Version 2.0 (the "License");
     you may not use this file except in compliance with the License.
     You may obtain a copy of the License at

         http://www.apache.org/licenses/LICENSE-2.0

     Unless required by applicable law or agreed to in writing, software
     distributed under the License is distributed on an "AS IS" BASIS,
     WITHOUT WARRANTIES OR CONDITIONS OF ANY KIND, either express or implied.
     See the License for the specific language governing permissions and
     limitations under the License.

-->
<!--
Each form element represents a procedure parameter. 
The corresponding procedure parameters will be created automatically when 
the plugin in installed and promoted.

formElement nested elements:
============================
property:   formal parameter name
type    :   entry|textarea|checkbox|select|radio|credential
label   :   String-type. Parameter label value
required:   1|0
value   : Parameter default value
documentation : Help text for the parameter
-->
<editor>
    <formElement>
        <type>entry</type>
        <label>Configuration Name:</label>
        <property>configurationName</property>
        <required>1</required>
        <documentation>Name of EC-Compuware-Topaz configuration to use.</documentation>
    </formElement> 
    <formElement>
        <type>entry</type>
        <label>Mainframe Host Name or IP:</label>
        <property>host</property>
        <required>1</required>
        <documentation> -?</documentation>
    </formElement> 
    <formElement>
        <type>entry</type>
        <label>Mainframe Port:</label>
        <property>port</property>
        <required>1</required>
        <documentation> -?</documentation>
    </formElement> 
    <formElement>
        <type>entry</type>
        <label>Mainframe User Name:</label>
        <property>userId</property>
        <required>1</required>
        <documentation> -?</documentation>
    </formElement> 
    <formElement>
        <type>entry</type>
        <label>Mainframe Password:</label>
        <property>pw</property>
        <required>1</required>
        <documentation> -?</documentation>
    </formElement> 
    <formElement>
        <type>entry</type>
        <label>EBCDIC Code Page:</label>
        <property>codePage</property>
        <required>1</required>
        <value>1047</value>
        <documentation>The EBCDIC code page to use for transferring files from the host. -?</documentation>
    </formElement> 
    <formElement>
        <type>entry</type>
        <label>Timeout:</label>
        <property>timeout</property>
        <required>1</required>
        <documentation>The timeout. -?</documentation>
    </formElement> 
    <formElement>
        <type>entry</type>
        <label>Target Folder:</label>
        <property>targetFolder</property>
        <required>1</required>
        <documentation>Relative or absolute path of the directory the files will be downloaded to. If omitted they will be downloaded to the workspace under a folder named for the filter. -?</documentation>
    </formElement> 
    <formElement>
        <type>entry</type>
        <label>Topaz CLI Workspace:</label>
        <property>topazCLIWorkspace</property>
        <required>1</required>
        <documentation>#### n/a</documentation>
    </formElement> 
    <formElement>
        <type>entry</type>
        <label>Server Stream:</label>
        <property>serverStream</property>
        <required>1</required>
        <documentation>The two-to-eight character stream defining the application structure with which the application is associated. -ispwServerStream</documentation>
    </formElement> 
    <formElement>
        <type>entry</type>
        <label>Server Application:</label>
        <property>serverApplication</property>
        <required>1</required>
        <documentation>The container's primary application code. Containers may include components from multiple applications. -ispwServerApp</documentation>
    </formElement> 
    <formElement>
        <type>entry</type>
        <label>Server Level:</label>
        <property>serverLevel</property>
        <required>1</required>
        <documentation>The life cycle level to retrieve from. -ispwServerLevel</documentation>
    </formElement> 
    <formElement>
        <type>entry</type> #### dropdown ####
        <label>Level Option:</label>
        <property>levelOption</property>
        <required>1</required>
        <documentation>Select one of the following: <b>Selected level only</b> to display only components at the selected life cycle level in the view. <b>First found in level and above </b> to display the first version found of each component at the selected level and above. -ispwLevelOption</documentation>
    </formElement> 
    <formElement>
        <type>entry</type>
        <label>Filter Files:</label>
        <property>filterFiles</property>
        <required>1</required>
        <documentation>-ispwFilterFile</documentation>
    </formElement> 
    <formElement>
        <type>entry</type>
        <label>Filter Folders:</label>
        <property>filterFolders</property>
        <required>1</required>
        <documentation>-ispwFilterFolders</documentation>
    </formElement> 
    <formElement>
        <type>entry</type>
        <label>Server Configuration:</label>
        <property>serverConfig</property>
        <required>0</required>
        <documentation>The host runtime configuration. -ispwServerConfig</documentation>
    </formElement> 
    <formElement>
        <type>entry</type>
        <label>Folder Name:</label>
        <property>folderName</property>
        <required>0</required>
        <documentation>The name of the base folder to retrieve from. If this is omitted, the root folder is assumed. -ispwFolderName</documentation>
    </formElement> 
    <formElement>
        <type>entry</type>
        <label>Component Type:</label>
        <property>componentType</property>
        <required>0</required>
        <documentation>The ISPW component type (such as COB, COPY, or JOB) to return. Folders are always returned. If this is omitted, all component types are returned. -ispwComponentType</documentation>
    </formElement> 
</editor>
